year,unique_customers,transaction_count,total_amount,avg_amount
2021,4953,22631,2832435969.41,125157.34918518845
2022,4943,22545,2812837742.95,124765.47983810157
2023,4949,22456,2799099353.22,124648.17212415389
2024,4937,22489,2811768882.2,125028.63098403663
2025,4937,22410,2805576392.23,125193.05632440875
2026,3822,7469,934157497.76,125071.29438479047
